,id,name,location,categories,referralId,hasPerk,venuePage
0,4be8b576d837c9b6e2b6a506,Makkalchon Korean Restaurant 맛깔촌,"{'address': '1979 Lawrence Ave. E', 'crossStreet': 'Warden Ave.', 'lat': 43.74494499908732, 'lng': -79.2964935606234, 'labeledLatLngs': [{'label': 'display', 'lat': 43.74494499908732, 'lng': -79.2964935606234}], 'cc': 'CA', 'city': 'Toronto', 'state': 'ON', 'country': 'Canada', 'formattedAddress': ['1979 Lawrence Ave. E (Warden Ave.)', 'Toronto ON', 'Canada']}","[{'id': '4bf58dd8d48988d113941735', 'name': 'Korean Restaurant', 'pluralName': 'Korean Restaurants', 'shortName': 'Korean', 'icon': {'prefix': 'https://ss3.4sqi.net/img/categories_v2/food/korean_', 'suffix': '.png'}, 'primary': True}]",v-1603876184,False,
1,4b9cc81af964a520527b36e3,Korean Canadian Cultural Association (KCCA),"{'address': '1133 Leslie St', 'crossStreet': 'Eglington Ave E', 'lat': 43.726440173328754, 'lng': -79.34883011549405, 'labeledLatLngs': [{'label': 'display', 'lat': 43.726440173328754, 'lng': -79.34883011549405}], 'cc': 'CA', 'city': 'Toronto', 'state': 'ON', 'country': 'Canada', 'formattedAddress': ['1133 Leslie St (Eglington Ave E)', 'Toronto ON', 'Canada']}","[{'id': '4bf58dd8d48988d173941735', 'name': 'Auditorium', 'pluralName': 'Auditoriums', 'shortName': 'Auditorium', 'icon': {'prefix': 'https://ss3.4sqi.net/img/categories_v2/building/auditorium_', 'suffix': '.png'}, 'primary': True}]",v-1603876184,False,
2,4e79e773fa7600c10016685a,Salvation Army Korean Church,"{'lat': 43.743901895791964, 'lng': -79.33079810253167, 'labeledLatLngs': [{'label': 'display', 'lat': 43.743901895791964, 'lng': -79.33079810253167}], 'cc': 'CA', 'country': 'Canada', 'formattedAddress': ['Canada']}","[{'id': '4bf58dd8d48988d132941735', 'name': 'Church', 'pluralName': 'Churches', 'shortName': 'Church', 'icon': {'prefix': 'https://ss3.4sqi.net/img/categories_v2/building/religious_church_', 'suffix': '.png'}, 'primary': True}]",v-1603876184,False,
3,4ce857210f196dcb97d244ae,Korean Garden Church,"{'lat': 43.772473, 'lng': -79.335204, 'labeledLatLngs': [{'label': 'display', 'lat': 43.772473, 'lng': -79.335204}], 'cc': 'CA', 'city': 'Toronto', 'state': 'ON', 'country': 'Canada', 'formattedAddress': ['Toronto ON', 'Canada']}","[{'id': '4bf58dd8d48988d132941735', 'name': 'Church', 'pluralName': 'Churches', 'shortName': 'Church', 'icon': {'prefix': 'https://ss3.4sqi.net/img/categories_v2/building/religious_church_', 'suffix': '.png'}, 'primary': True}]",v-1603876184,False,
4,4d97a750647d8cfa127ddb3d,The Korean Philadelphia Church,"{'address': '8 Codeco Court', 'lat': 43.735208535938646, 'lng': -79.33126572480833, 'labeledLatLngs': [{'label': 'display', 'lat': 43.735208535938646, 'lng': -79.33126572480833}], 'postalCode': 'M3A 1A2', 'cc': 'CA', 'city': 'Toronto', 'state': 'ON', 'country': 'Canada', 'formattedAddress': ['8 Codeco Court', 'Toronto ON M3A 1A2', 'Canada']}","[{'id': '4bf58dd8d48988d132941735', 'name': 'Church', 'pluralName': 'Churches', 'shortName': 'Church', 'icon': {'prefix': 'https://ss3.4sqi.net/img/categories_v2/building/religious_church_', 'suffix': '.png'}, 'primary': True}]",v-1603876184,False,
5,4cc063571c6c6dcb11f9745e,"Korean BBQ, First Markham","{'lat': 43.84951289126946, 'lng': -79.34712498029239, 'labeledLatLngs': [{'label': 'display', 'lat': 43.84951289126946, 'lng': -79.34712498029239}], 'cc': 'CA', 'country': 'Canada', 'formattedAddress': ['Canada']}","[{'id': '4bf58dd8d48988d142941735', 'name': 'Asian Restaurant', 'pluralName': 'Asian Restaurants', 'shortName': 'Asian', 'icon': {'prefix': 'https://ss3.4sqi.net/img/categories_v2/food/asian_', 'suffix': '.png'}, 'primary': True}]",v-1603876184,False,
6,4b4779a0f964a520493326e3,Korean Grill House,"{'address': '505 Highway 7 E', 'crossStreet': 'at Commerce Valley Dr W', 'lat': 43.842294778957964, 'lng': -79.38709458071787, 'labeledLatLngs': [{'label': 'display', 'lat': 43.842294778957964, 'lng': -79.38709458071787}], 'postalCode': 'L3T 7T1', 'cc': 'CA', 'city': 'Markham', 'state': 'ON', 'country': 'Canada', 'formattedAddress': ['505 Highway 7 E (at Commerce Valley Dr W)', 'Markham ON L3T 7T1', 'Canada']}","[{'id': '4bf58dd8d48988d113941735', 'name': 'Korean Restaurant', 'pluralName': 'Korean Restaurants', 'shortName': 'Korean', 'icon': {'prefix': 'https://ss3.4sqi.net/img/categories_v2/food/korean_', 'suffix': '.png'}, 'primary': True}]",v-1603876184,False,
7,5a60f513a6031c579d573413,Mapo Korean BBQ Restaurant 마포상회,"{'address': '680 Bloor St W', 'lat': 43.664095885903244, 'lng': -79.41673815250397, 'labeledLatLngs': [{'label': 'display', 'lat': 43.664095885903244, 'lng': -79.41673815250397}], 'postalCode': 'M6G 1L2', 'cc': 'CA', 'neighborhood': 'Koreatown', 'city': 'Toronto', 'state': 'ON', 'country': 'Canada', 'formattedAddress': ['680 Bloor St W', 'Toronto ON M6G 1L2', 'Canada']}","[{'id': '4bf58dd8d48988d113941735', 'name': 'Korean Restaurant', 'pluralName': 'Korean Restaurants', 'shortName': 'Korean', 'icon': {'prefix': 'https://ss3.4sqi.net/img/categories_v2/food/korean_', 'suffix': '.png'}, 'primary': True}]",v-1603876184,False,
8,4d2f8a98789a8cfa6b0826c6,In Cheon House Korean & Japanese Restaurant 인천관,"{'address': '9 Glen Watford Dr.', 'crossStreet': 'at Sheppard Ave. E', 'lat': 43.78646767038441, 'lng': -79.27569314969834, 'labeledLatLngs': [{'label': 'display', 'lat': 43.78646767038441, 'lng': -79.27569314969834}], 'postalCode': 'M1S 2B9', 'cc': 'CA', 'city': 'Scarborough', 'state': 'ON', 'country': 'Canada', 'formattedAddress': ['9 Glen Watford Dr. (at Sheppard Ave. E)', 'Scarborough ON M1S 2B9', 'Canada']}","[{'id': '4bf58dd8d48988d113941735', 'name': 'Korean Restaurant', 'pluralName': 'Korean Restaurants', 'shortName': 'Korean', 'icon': {'prefix': 'https://ss3.4sqi.net/img/categories_v2/food/korean_', 'suffix': '.png'}, 'primary': True}]",v-1603876184,False,
9,4b91b60ef964a520d4d133e3,Sariwon Korean BBQ Restaurant 사리원,"{'address': '7388 Yonge St.', 'lat': 43.80870812591984, 'lng': -79.42290072232572, 'labeledLatLngs': [{'label': 'display', 'lat': 43.80870812591984, 'lng': -79.42290072232572}], 'cc': 'CA', 'city': 'Toronto', 'state': 'ON', 'country': 'Canada', 'formattedAddress': ['7388 Yonge St.', 'Toronto ON', 'Canada']}","[{'id': '4bf58dd8d48988d113941735', 'name': 'Korean Restaurant', 'pluralName': 'Korean Restaurants', 'shortName': 'Korean', 'icon': {'prefix': 'https://ss3.4sqi.net/img/categories_v2/food/korean_', 'suffix': '.png'}, 'primary': True}]",v-1603876184,False,
10,50c138e4e4b0276c8687f23c,고려삼계탕 Korean Ginseng Chicken Soup & Bibimbap,"{'lat': 43.798390946011395, 'lng': -79.36918747196094, 'labeledLatLngs': [{'label': 'display', 'lat': 43.798390946011395, 'lng': -79.36918747196094}], 'cc': 'CA', 'city': 'Toronto', 'state': 'ON', 'country': 'Canada', 'formattedAddress': ['Toronto ON', 'Canada']}","[{'id': '4bf58dd8d48988d113941735', 'name': 'Korean Restaurant', 'pluralName': 'Korean Restaurants', 'shortName': 'Korean', 'icon': {'prefix': 'https://ss3.4sqi.net/img/categories_v2/food/korean_', 'suffix': '.png'}, 'primary': True}]",v-1603876184,False,
12,4af9f163f964a520721522e3,Sakura Korean & Japanese Restaurant,"{'address': '7010 Warden Ave', 'crossStreet': 'at Steeles Ave', 'lat': 43.820382740094196, 'lng': -79.32568980265346, 'labeledLatLngs': [{'label': 'display', 'lat': 43.820382740094196, 'lng': -79.32568980265346}], 'postalCode': 'L3R 5Y3', 'cc': 'CA', 'city': 'Markham', 'state': 'ON', 'country': 'Canada', 'formattedAddress': ['7010 Warden Ave (at Steeles Ave)', 'Markham ON L3R 5Y3', 'Canada']}","[{'id': '4bf58dd8d48988d113941735', 'name': 'Korean Restaurant', 'pluralName': 'Korean Restaurants', 'shortName': 'Korean', 'icon': {'prefix': 'https://ss3.4sqi.net/img/categories_v2/food/korean_', 'suffix': '.png'}, 'primary': True}]",v-1603876184,False,
13,4deaa83fd4c00071b829c73d,Korean Cultural Centre,"{'address': '1133 Leslie St', 'lat': 43.72658955030007, 'lng': -79.3488136143356, 'labeledLatLngs': [{'label': 'display', 'lat': 43.72658955030007, 'lng': -79.3488136143356}], 'postalCode': 'M3C 2J6', 'cc': 'CA', 'state': 'Ontario', 'country': 'Canada', 'formattedAddress': ['1133 Leslie St', 'ON M3C 2J6', 'Canada']}",[],v-1603876184,False,
14,4f93441fe4b06ce85839c8b7,Toronto Korean Presbyterian Church,"{'address': '67 Scarsdale Rd.', 'lat': 43.74905036955019, 'lng': -79.35379428358203, 'labeledLatLngs': [{'label': 'display', 'lat': 43.74905036955019, 'lng': -79.35379428358203}], 'cc': 'CA', 'city': 'Toronto', 'state': 'ON', 'country': 'Canada', 'formattedAddress': ['67 Scarsdale Rd.', 'Toronto ON', 'Canada']}","[{'id': '4bf58dd8d48988d132941735', 'name': 'Church', 'pluralName': 'Churches', 'shortName': 'Church', 'icon': {'prefix': 'https://ss3.4sqi.net/img/categories_v2/building/religious_church_', 'suffix': '.png'}, 'primary': True}]",v-1603876184,False,
15,4c9fcbe90e9bb1f775a9f35f,Mirak Korean Restaurant,"{'address': '5661 Steeles Ave. E', 'crossStreet': 'at T&T Supermarket - Food Court', 'lat': 43.83179092262385, 'lng': -79.26481246948242, 'labeledLatLngs': [{'label': 'display', 'lat': 43.83179092262385, 'lng': -79.26481246948242}], 'postalCode': 'M1V 5P6', 'cc': 'CA', 'city': 'Scarborough', 'state': 'ON', 'country': 'Canada', 'formattedAddress': ['5661 Steeles Ave. E (at T&T Supermarket - Food Court)', 'Scarborough ON M1V 5P6', 'Canada']}","[{'id': '4bf58dd8d48988d113941735', 'name': 'Korean Restaurant', 'pluralName': 'Korean Restaurants', 'shortName': 'Korean', 'icon': {'prefix': 'https://ss3.4sqi.net/img/categories_v2/food/korean_', 'suffix': '.png'}, 'primary': True}]",v-1603876184,False,
16,59a04bf7625a66012fbbef56,Matsuya Korean House 松屋,"{'address': '9291 Markham Rd', 'crossStreet': 'at 16th Ave', 'lat': 43.8936628679065, 'lng': -79.26353520162752, 'labeledLatLngs': [{'label': 'display', 'lat': 43.8936628679065, 'lng': -79.26353520162752}], 'postalCode': 'L6E 1A3', 'cc': 'CA', 'city': 'Markham', 'state': 'ON', 'country': 'Canada', 'formattedAddress': ['9291 Markham Rd (at 16th Ave)', 'Markham ON L6E 1A3', 'Canada']}","[{'id': '4bf58dd8d48988d113941735', 'name': 'Korean Restaurant', 'pluralName': 'Korean Restaurants', 'shortName': 'Korean', 'icon': {'prefix': 'https://ss3.4sqi.net/img/categories_v2/food/korean_', 'suffix': '.png'}, 'primary': True}]",v-1603876184,False,
17,5366e4b1498e5f20db229b73,B Korean BBQ,"{'address': '478 Dundas St. W.', 'lat': 43.653228759765625, 'lng': -79.39679718017578, 'labeledLatLngs': [{'label': 'display', 'lat': 43.653228759765625, 'lng': -79.39679718017578}], 'cc': 'CA', 'city': 'Toronto', 'state': 'ON', 'country': 'Canada', 'formattedAddress': ['478 Dundas St. W.', 'Toronto ON', 'Canada']}","[{'id': '4bf58dd8d48988d113941735', 'name': 'Korean Restaurant', 'pluralName': 'Korean Restaurants', 'shortName': 'Korean', 'icon': {'prefix': 'https://ss3.4sqi.net/img/categories_v2/food/korean_', 'suffix': '.png'}, 'primary': True}]",v-1603876184,False,
18,4fef6e73e4b0481d516cae9f,Jong Ro Korean Books 종로서적,"{'address': '650 Bloor St W', 'crossStreet': 'at Euclid', 'lat': 43.664205059053415, 'lng': -79.41530593446153, 'labeledLatLngs': [{'label': 'display', 'lat': 43.664205059053415, 'lng': -79.41530593446153}], 'cc': 'CA', 'city': 'Toronto', 'state': 'ON', 'country': 'Canada', 'formattedAddress': ['650 Bloor St W (at Euclid)', 'Toronto ON', 'Canada']}","[{'id': '4bf58dd8d48988d114951735', 'name': 'Bookstore', 'pluralName': 'Bookstores', 'shortName': 'Bookstore', 'icon': {'prefix': 'https://ss3.4sqi.net/img/categories_v2/shops/bookstore_', 'suffix': '.png'}, 'primary': True}]",v-1603876184,False,
19,55abd928498ecb84ea29dba6,Umji Korean Restaurant,"{'lat': 43.776198034004075, 'lng': -79.31697192635826, 'labeledLatLngs': [{'label': 'display', 'lat': 43.776198034004075, 'lng': -79.31697192635826}], 'cc': 'CA', 'country': 'Canada', 'formattedAddress': ['Canada']}","[{'id': '4bf58dd8d48988d113941735', 'name': 'Korean Restaurant', 'pluralName': 'Korean Restaurants', 'shortName': 'Korean', 'icon': {'prefix': 'https://ss3.4sqi.net/img/categories_v2/food/korean_', 'suffix': '.png'}, 'primary': True}]",v-1603876184,False,
20,4cfad91334c1a09305c8420e,Seoul Zimzilbang Korean Sauna 서울찜질방,"{'address': '382 Magnetic Drive', 'crossStreet': 'Dufferin & steels', 'lat': 43.782494, 'lng': -79.47478, 'labeledLatLngs': [{'label': 'display', 'lat': 43.782494, 'lng': -79.47478}], 'postalCode': 'M3J 2C4', 'cc': 'CA', 'city': 'Toronto', 'state': 'ON', 'country': 'Canada', 'formattedAddress': ['382 Magnetic Drive (Dufferin & steels)', 'Toronto ON M3J 2C4', 'Canada']}","[{'id': '52e81612bcbc57f1066b7a27', 'name': 'Bath House', 'pluralName': 'Bath Houses', 'shortName': 'Bath House', 'icon': {'prefix': 'https://ss3.4sqi.net/img/categories_v2/parks_outdoors/neighborhood_', 'suffix': '.png'}, 'primary': True}]",v-1603876184,False,
21,4b11b1f2f964a520778223e3,Korean Village Restaurant,"{'address': '628 Bloor Street West', 'lat': 43.664497913032065, 'lng': -79.41436726023312, 'labeledLatLngs': [{'label': 'display', 'lat': 43.664497913032065, 'lng': -79.41436726023312}], 'cc': 'CA', 'city': 'Toronto', 'state': 'ON', 'country': 'Canada', 'formattedAddress': ['628 Bloor Street West', 'Toronto ON', 'Canada']}","[{'id': '4bf58dd8d48988d113941735', 'name': 'Korean Restaurant', 'pluralName': 'Korean Restaurants', 'shortName': 'Korean', 'icon': {'prefix': 'https://ss3.4sqi.net/img/categories_v2/food/korean_', 'suffix': '.png'}, 'primary': True}]",v-1603876184,False,
22,51b78d02498ef3c190455409,Mom's Korean Restaurant,"{'address': '612 Bloor St. W', 'crossStreet': 'Palmerston', 'lat': 43.6646250121462, 'lng': -79.41366853502585, 'labeledLatLngs': [{'label': 'display', 'lat': 43.6646250121462, 'lng': -79.41366853502585}], 'postalCode': 'M6G 1K7', 'cc': 'CA', 'city': 'Toronto', 'state': 'ON', 'country': 'Canada', 'formattedAddress': ['612 Bloor St. W (Palmerston)', 'Toronto ON M6G 1K7', 'Canada']}","[{'id': '4bf58dd8d48988d113941735', 'name': 'Korean Restaurant', 'pluralName': 'Korean Restaurants', 'shortName': 'Korean', 'icon': {'prefix': 'https://ss3.4sqi.net/img/categories_v2/food/korean_', 'suffix': '.png'}, 'primary': True}]",v-1603876184,False,
23,4b19c8b7f964a52017e423e3,Sunrise House Korean Restaurant 해뜨는집,"{'address': '661 Bloor Street West', 'crossStreet': 'Manning', 'lat': 43.66418287914217, 'lng': -79.41574611551155, 'labeledLatLngs': [{'label': 'display', 'lat': 43.66418287914217, 'lng': -79.41574611551155}], 'cc': 'CA', 'city': 'Toronto', 'state': 'ON', 'country': 'Canada', 'formattedAddress': ['661 Bloor Street West (Manning)', 'Toronto ON', 'Canada']}","[{'id': '4bf58dd8d48988d113941735', 'name': 'Korean Restaurant', 'pluralName': 'Korean Restaurants', 'shortName': 'Korean', 'icon': {'prefix': 'https://ss3.4sqi.net/img/categories_v2/food/korean_', 'suffix': '.png'}, 'primary': True}]",v-1603876184,False,
24,4ba2d00cf964a5203e1b38e3,Ka Chi Korean Restaurant,"{'address': '8 St Andrew St.', 'crossStreet': 'at Spadina Ave.', 'lat': 43.654306552286656, 'lng': -79.3992765578534, 'labeledLatLngs': [{'label': 'display', 'lat': 43.654306552286656, 'lng': -79.3992765578534}], 'postalCode': 'M5T 1K6', 'cc': 'CA', 'city': 'Toronto', 'state': 'ON', 'country': 'Canada', 'formattedAddress': ['8 St Andrew St. (at Spadina Ave.)', 'Toronto ON M5T 1K6', 'Canada']}","[{'id': '4bf58dd8d48988d113941735', 'name': 'Korean Restaurant', 'pluralName': 'Korean Restaurants', 'shortName': 'Korean', 'icon': {'prefix': 'https://ss3.4sqi.net/img/categories_v2/food/korean_', 'suffix': '.png'}, 'primary': True}]",v-1603876184,False,
25,4ba41baef964a520538238e3,Ga Bin Korean Restaurant,"{'address': '633 Silver Star Blvd.', 'crossStreet': 'btwn Steeles & Passmore Ave.', 'lat': 43.8224750799657, 'lng': -79.29904372607609, 'labeledLatLngs': [{'label': 'display', 'lat': 43.8224750799657, 'lng': -79.29904372607609}], 'postalCode': 'M1V 5N1', 'cc': 'CA', 'city': 'Scarborough', 'state': 'ON', 'country': 'Canada', 'formattedAddress': ['633 Silver Star Blvd. (btwn Steeles & Passmore Ave.)', 'Scarborough ON M1V 5N1', 'Canada']}","[{'id': '4bf58dd8d48988d113941735', 'name': 'Korean Restaurant', 'pluralName': 'Korean Restaurants', 'shortName': 'Korean', 'icon': {'prefix': 'https://ss3.4sqi.net/img/categories_v2/food/korean_', 'suffix': '.png'}, 'primary': True}]",v-1603876184,False,
26,5a6fe4f16eda027c747c3411,Korean Restaurant OUR,"{'address': '4186 Finch Ave E', 'lat': 43.804463, 'lng': -79.287836, 'labeledLatLngs': [{'label': 'display', 'lat': 43.804463, 'lng': -79.287836}], 'postalCode': 'M1V 0C4', 'cc': 'CA', 'city': 'Toronto', 'state': 'ON', 'country': 'Canada', 'formattedAddress': ['4186 Finch Ave E', 'Toronto ON M1V 0C4', 'Canada']}","[{'id': '4bf58dd8d48988d113941735', 'name': 'Korean Restaurant', 'pluralName': 'Korean Restaurants', 'shortName': 'Korean', 'icon': {'prefix': 'https://ss3.4sqi.net/img/categories_v2/food/korean_', 'suffix': '.png'}, 'primary': True}]",v-1603876184,False,
27,4dd5555245ddd703552b6c67,Lim Ga Ne Korean Restaurant 임가네,"{'address': '686 Bloor St. W', 'lat': 43.66394504978582, 'lng': -79.41688239269187, 'labeledLatLngs': [{'label': 'display', 'lat': 43.66394504978582, 'lng': -79.41688239269187}], 'postalCode': 'M6G', 'cc': 'CA', 'city': 'Toronto', 'state': 'ON', 'country': 'Canada', 'formattedAddress': ['686 Bloor St. W', 'Toronto ON M6G', 'Canada']}","[{'id': '4bf58dd8d48988d113941735', 'name': 'Korean Restaurant', 'pluralName': 'Korean Restaurants', 'shortName': 'Korean', 'icon': {'prefix': 'https://ss3.4sqi.net/img/categories_v2/food/korean_', 'suffix': '.png'}, 'primary': True}]",v-1603876184,False,
28,4b9443fcf964a520037234e3,Korean Barbecue Restaurant,"{'address': '3280 Midland Ave.', 'crossStreet': 'Finch', 'lat': 43.806057, 'lng': -79.288624, 'labeledLatLngs': [{'label': 'display', 'lat': 43.806057, 'lng': -79.288624}], 'cc': 'CA', 'city': 'Toronto', 'state': 'ON', 'country': 'Canada', 'formattedAddress': ['3280 Midland Ave. (Finch)', 'Toronto ON', 'Canada']}","[{'id': '4bf58dd8d48988d113941735', 'name': 'Korean Restaurant', 'pluralName': 'Korean Restaurants', 'shortName': 'Korean', 'icon': {'prefix': 'https://ss3.4sqi.net/img/categories_v2/food/korean_', 'suffix': '.png'}, 'primary': True}]",v-1603876184,False,
29,4ce5b18df86537042bd69dc4,Song Cook's Authentic Korean Restaurant,"{'address': '6-72 Steeles Ave. W', 'lat': 43.79831502674248, 'lng': -79.42227853160819, 'labeledLatLngs': [{'label': 'display', 'lat': 43.79831502674248, 'lng': -79.42227853160819}], 'postalCode': 'L4J 1A1', 'cc': 'CA', 'city': 'Vaughan', 'state': 'ON', 'country': 'Canada', 'formattedAddress': ['6-72 Steeles Ave. W', 'Vaughan ON L4J 1A1', 'Canada']}","[{'id': '4bf58dd8d48988d113941735', 'name': 'Korean Restaurant', 'pluralName': 'Korean Restaurants', 'shortName': 'Korean', 'icon': {'prefix': 'https://ss3.4sqi.net/img/categories_v2/food/korean_', 'suffix': '.png'}, 'primary': True}]",v-1603876184,False,{'id': '33932199'}
30,4cc9e797b7d9a1432502f936,Korean bbq restaurant,"{'address': '3280 midland Ave', 'lat': 43.80588826749549, 'lng': -79.28901621176465, 'labeledLatLngs': [{'label': 'display', 'lat': 43.80588826749549, 'lng': -79.28901621176465}], 'cc': 'CA', 'country': 'Canada', 'formattedAddress': ['3280 midland Ave', 'Canada']}","[{'id': '4bf58dd8d48988d113941735', 'name': 'Korean Restaurant', 'pluralName': 'Korean Restaurants', 'shortName': 'Korean', 'icon': {'prefix': 'https://ss3.4sqi.net/img/categories_v2/food/korean_', 'suffix': '.png'}, 'primary': True}]",v-1603876184,False,
31,4c3cbe77933b0f477c7ee421,Korean Exchange Bank,"{'lat': 43.76457602730795, 'lng': -79.4119970196316, 'labeledLatLngs': [{'label': 'display', 'lat': 43.76457602730795, 'lng': -79.4119970196316}], 'cc': 'CA', 'country': 'Canada', 'formattedAddress': ['Canada']}","[{'id': '4bf58dd8d48988d10a951735', 'name': 'Bank', 'pluralName': 'Banks', 'shortName': 'Bank', 'icon': {'prefix': 'https://ss3.4sqi.net/img/categories_v2/shops/financial_', 'suffix': '.png'}, 'primary': True}]",v-1603876184,False,
32,520692b611d25caf431d9b7a,East Dragon Korean Cuisine,"{'address': '3030 Don Mills Road', 'crossStreet': 'Van Horne', 'lat': 43.78582808873192, 'lng': -79.3515417660463, 'labeledLatLngs': [{'label': 'display', 'lat': 43.78582808873192, 'lng': -79.3515417660463}], 'cc': 'CA', 'city': 'Toronto', 'state': 'ON', 'country': 'Canada', 'formattedAddress': ['3030 Don Mills Road (Van Horne)', 'Toronto ON', 'Canada']}","[{'id': '4bf58dd8d48988d113941735', 'name': 'Korean Restaurant', 'pluralName': 'Korean Restaurants', 'shortName': 'Korean', 'icon': {'prefix': 'https://ss3.4sqi.net/img/categories_v2/food/korean_', 'suffix': '.png'}, 'primary': True}]",v-1603876184,False,
33,59b46bfd1499466c7a1e4bc3,Koryo's Korean Restaurant & Bar,"{'lat': 43.764317, 'lng': -79.41191, 'labeledLatLngs': [{'label': 'display', 'lat': 43.764317, 'lng': -79.41191}], 'postalCode': 'M2N 5N5', 'cc': 'CA', 'neighborhood': 'Willowdale', 'city': 'Toronto', 'state': 'ON', 'country': 'Canada', 'formattedAddress': ['Toronto ON M2N 5N5', 'Canada']}","[{'id': '4bf58dd8d48988d113941735', 'name': 'Korean Restaurant', 'pluralName': 'Korean Restaurants', 'shortName': 'Korean', 'icon': {'prefix': 'https://ss3.4sqi.net/img/categories_v2/food/korean_', 'suffix': '.png'}, 'primary': True}]",v-1603876184,False,
34,586d65f815fb4360e49b3d7a,Chingu Korean Restaurant 친구 朋友,"{'address': '5-10610 Bayview Ave.', 'crossStreet': 'at Taylor Mills Dr. N', 'lat': 43.889859, 'lng': -79.419887, 'labeledLatLngs': [{'label': 'display', 'lat': 43.889859, 'lng': -79.419887}], 'postalCode': 'L4S 2N6', 'cc': 'CA', 'city': 'Richmond Hill', 'state': 'ON', 'country': 'Canada', 'formattedAddress': ['5-10610 Bayview Ave. (at Taylor Mills Dr. N)', 'Richmond Hill ON L4S 2N6', 'Canada']}","[{'id': '4bf58dd8d48988d113941735', 'name': 'Korean Restaurant', 'pluralName': 'Korean Restaurants', 'shortName': 'Korean', 'icon': {'prefix': 'https://ss3.4sqi.net/img/categories_v2/food/korean_', 'suffix': '.png'}, 'primary': True}]",v-1603876184,False,
36,4e149f04aeb7727f2103eccd,Korean Ministry,"{'address': '555 Avenue road', 'lat': 43.687128934197574, 'lng': -79.39963426037723, 'labeledLatLngs': [{'label': 'display', 'lat': 43.687128934197574, 'lng': -79.39963426037723}], 'cc': 'CA', 'city': 'Toronto', 'state': 'ON', 'country': 'Canada', 'formattedAddress': ['555 Avenue road', 'Toronto ON', 'Canada']}","[{'id': '4bf58dd8d48988d12a941735', 'name': 'Capitol Building', 'pluralName': 'Capitol Buildings', 'shortName': 'Capitol Building', 'icon': {'prefix': 'https://ss3.4sqi.net/img/categories_v2/building/government_capitolbuilding_', 'suffix': '.png'}, 'primary': True}]",v-1603876184,False,
39,591f89f1f5e9d739e0052e04,Roll N Bowl Korean & Japanese Cuisine,"{'address': '1157 Ellesmere Road', 'crossStreet': 'Midland and Ellesmere', 'lat': 43.764656, 'lng': -79.27101, 'labeledLatLngs': [{'label': 'display', 'lat': 43.764656, 'lng': -79.27101}], 'postalCode': 'M1P 5A1', 'cc': 'CA', 'city': 'Scarborough', 'state': 'ON', 'country': 'Canada', 'formattedAddress': ['1157 Ellesmere Road (Midland and Ellesmere)', 'Scarborough ON M1P 5A1', 'Canada']}","[{'id': '4bf58dd8d48988d142941735', 'name': 'Asian Restaurant', 'pluralName': 'Asian Restaurants', 'shortName': 'Asian', 'icon': {'prefix': 'https://ss3.4sqi.net/img/categories_v2/food/asian_', 'suffix': '.png'}, 'primary': True}]",v-1603876184,False,
40,5f6e695b56a7ed0c0ddb0b41,Korean Noodle,"{'lat': 43.843998, 'lng': -79.378265, 'labeledLatLngs': [{'label': 'display', 'lat': 43.843998, 'lng': -79.378265}], 'postalCode': 'L3T 7Y3', 'cc': 'CA', 'city': 'Markham', 'state': 'ON', 'country': 'Canada', 'formattedAddress': ['Markham ON L3T 7Y3', 'Canada']}","[{'id': '4bf58dd8d48988d113941735', 'name': 'Korean Restaurant', 'pluralName': 'Korean Restaurants', 'shortName': 'Korean', 'icon': {'prefix': 'https://ss3.4sqi.net/img/categories_v2/food/korean_', 'suffix': '.png'}, 'primary': True}]",v-1603876184,False,
41,4e34ce2b6284ea7e10fa3b46,Korean BBQ and Bar,"{'lat': 43.6680707479894, 'lng': -79.38504308746344, 'labeledLatLngs': [{'label': 'display', 'lat': 43.6680707479894, 'lng': -79.38504308746344}], 'cc': 'CA', 'city': 'Toronto', 'state': 'ON', 'country': 'Canada', 'formattedAddress': ['Toronto ON', 'Canada']}","[{'id': '4bf58dd8d48988d116941735', 'name': 'Bar', 'pluralName': 'Bars', 'shortName': 'Bar', 'icon': {'prefix': 'https://ss3.4sqi.net/img/categories_v2/nightlife/pub_', 'suffix': '.png'}, 'primary': True}]",v-1603876184,False,
42,5f79d794ee0b6a51b2c17f39,Korean Pagoda Garden,"{'address': '95 Charles Street West', 'lat': 43.667233, 'lng': -79.39317, 'labeledLatLngs': [{'label': 'display', 'lat': 43.667233, 'lng': -79.39317}], 'postalCode': 'M5S 1K6', 'cc': 'CA', 'city': 'Toronto', 'state': 'ON', 'country': 'Canada', 'formattedAddress': ['95 Charles Street West', 'Toronto ON M5S 1K6', 'Canada']}","[{'id': '4bf58dd8d48988d15a941735', 'name': 'Garden', 'pluralName': 'Gardens', 'shortName': 'Garden', 'icon': {'prefix': 'https://ss3.4sqi.net/img/categories_v2/parks_outdoors/garden_', 'suffix': '.png'}, 'primary': True}]",v-1603876184,False,
43,4e403d3b2271d21e8719d854,Korean Food Express,"{'address': '3255 Highway 7 E', 'crossStreet': 'at First Markham Place', 'lat': 43.849761723167425, 'lng': -79.34711795186084, 'labeledLatLngs': [{'label': 'display', 'lat': 43.849761723167425, 'lng': -79.34711795186084}], 'cc': 'CA', 'city': 'Markham', 'state': 'ON', 'country': 'Canada', 'formattedAddress': ['3255 Highway 7 E (at First Markham Place)', 'Markham ON', 'Canada']}","[{'id': '4bf58dd8d48988d113941735', 'name': 'Korean Restaurant', 'pluralName': 'Korean Restaurants', 'shortName': 'Korean', 'icon': {'prefix': 'https://ss3.4sqi.net/img/categories_v2/food/korean_', 'suffix': '.png'}, 'primary': True}]",v-1603876184,False,
44,4e47302d227128e1e8d68224,Korean House Cuisine,"{'address': '666 Bloor St. W', 'lat': 43.66235215292749, 'lng': -79.38634616070058, 'labeledLatLngs': [{'label': 'display', 'lat': 43.66235215292749, 'lng': -79.38634616070058}], 'cc': 'CA', 'city': 'Toronto', 'state': 'ON', 'country': 'Canada', 'formattedAddress': ['666 Bloor St. W', 'Toronto ON', 'Canada']}","[{'id': '4bf58dd8d48988d113941735', 'name': 'Korean Restaurant', 'pluralName': 'Korean Restaurants', 'shortName': 'Korean', 'icon': {'prefix': 'https://ss3.4sqi.net/img/categories_v2/food/korean_', 'suffix': '.png'}, 'primary': True}]",v-1603876184,False,
45,4ba3d9fcf964a520886638e3,Lil Korean Lady Barber,"{'lat': 43.766098, 'lng': -79.259627, 'labeledLatLngs': [{'label': 'display', 'lat': 43.766098, 'lng': -79.259627}], 'cc': 'CA', 'city': 'Toronto Division', 'state': 'ON', 'country': 'Canada', 'formattedAddress': ['Toronto Division ON', 'Canada']}",[],v-1603876184,False,
46,5bb7e5342bf29b002d51929f,Pujukan Korean BBQ,"{'address': '4852 Yonge St.', 'lat': 43.762632, 'lng': -79.411436, 'labeledLatLngs': [{'label': 'display', 'lat': 43.762632, 'lng': -79.411436}], 'postalCode': 'M2N 5N2', 'cc': 'CA', 'city': 'Toronto', 'state': 'ON', 'country': 'Canada', 'formattedAddress': ['4852 Yonge St.', 'Toronto ON M2N 5N2', 'Canada']}","[{'id': '4bf58dd8d48988d113941735', 'name': 'Korean Restaurant', 'pluralName': 'Korean Restaurants', 'shortName': 'Korean', 'icon': {'prefix': 'https://ss3.4sqi.net/img/categories_v2/food/korean_', 'suffix': '.png'}, 'primary': True}]",v-1603876184,False,
47,4bfbf53d565f76b0532706db,Yoko Japanese Korean Restaurant,"{'address': '490 McNicoll Ave.', 'lat': 43.8049821, 'lng': -79.354616, 'labeledLatLngs': [{'label': 'display', 'lat': 43.8049821, 'lng': -79.354616}], 'cc': 'CA', 'city': 'Willowdale', 'state': 'ON', 'country': 'Canada', 'formattedAddress': ['490 McNicoll Ave.', 'Willowdale ON', 'Canada']}","[{'id': '4bf58dd8d48988d111941735', 'name': 'Japanese Restaurant', 'pluralName': 'Japanese Restaurants', 'shortName': 'Japanese', 'icon': {'prefix': 'https://ss3.4sqi.net/img/categories_v2/food/japanese_', 'suffix': '.png'}, 'primary': True}]",v-1603876184,False,
48,5811494238fabe486bfcf155,Snow Time Korean Dessert Café,"{'address': '3290 Midland Ave', 'lat': 43.806383279172444, 'lng': -79.2890755628089, 'labeledLatLngs': [{'label': 'display', 'lat': 43.806383279172444, 'lng': -79.2890755628089}], 'postalCode': 'M1V', 'cc': 'CA', 'city': 'Scarborough', 'state': 'ON', 'country': 'Canada', 'formattedAddress': ['3290 Midland Ave', 'Scarborough ON M1V', 'Canada']}","[{'id': '4bf58dd8d48988d1d0941735', 'name': 'Dessert Shop', 'pluralName': 'Dessert Shops', 'shortName': 'Desserts', 'icon': {'prefix': 'https://ss3.4sqi.net/img/categories_v2/food/dessert_', 'suffix': '.png'}, 'primary': True}]",v-1603876184,False,
49,4bdcb4f2ccf52d7fb4f9786d,Korean BBQ,"{'address': '369 Yonge Street', 'lat': 43.658269730037205, 'lng': -79.38191453716055, 'labeledLatLngs': [{'label': 'display', 'lat': 43.658269730037205, 'lng': -79.38191453716055}], 'cc': 'CA', 'city': 'Toronto', 'state': 'ON', 'country': 'Canada', 'formattedAddress': ['369 Yonge Street', 'Toronto ON', 'Canada']}",[],v-1603876184,False,
88,4b929d12f964a520e00934e3,Korean Cutlet House,"{'lat': 43.664459, 'lng': -79.414314, 'labeledLatLngs': [{'label': 'display', 'lat': 43.664459, 'lng': -79.414314}], 'cc': 'CA', 'country': 'Canada', 'formattedAddress': ['Canada']}","[{'id': '4bf58dd8d48988d113941735', 'name': 'Korean Restaurant', 'pluralName': 'Korean Restaurants', 'shortName': 'Korean', 'icon': {'prefix': 'https://ss3.4sqi.net/img/categories_v2/food/korean_', 'suffix': '.png'}, 'primary': True}]",v-1603876184,False,
93,56e1f229498ef45e2b7626d4,The Korean Kitchen,"{'address': '699 Bloor St. W', 'lat': 43.66365830210723, 'lng': -79.41752646857458, 'labeledLatLngs': [{'label': 'display', 'lat': 43.66365830210723, 'lng': -79.41752646857458}], 'postalCode': 'M6G 1L5', 'cc': 'CA', 'city': 'Toronto', 'state': 'ON', 'country': 'Canada', 'formattedAddress': ['699 Bloor St. W', 'Toronto ON M6G 1L5', 'Canada']}","[{'id': '4bf58dd8d48988d113941735', 'name': 'Korean Restaurant', 'pluralName': 'Korean Restaurants', 'shortName': 'Korean', 'icon': {'prefix': 'https://ss3.4sqi.net/img/categories_v2/food/korean_', 'suffix': '.png'}, 'primary': True}]",v-1603876184,False,
95,4b76e12df964a520a7662ee3,Koryo Korean BBQ,"{'address': '25 The West Mall', 'crossStreet': 'at Sherway Gardens', 'lat': 43.611381129736195, 'lng': -79.55698267845673, 'labeledLatLngs': [{'label': 'display', 'lat': 43.611381129736195, 'lng': -79.55698267845673}], 'postalCode': 'M9C 1B8', 'cc': 'CA', 'city': 'Toronto', 'state': 'ON', 'country': 'Canada', 'formattedAddress': ['25 The West Mall (at Sherway Gardens)', 'Toronto ON M9C 1B8', 'Canada']}","[{'id': '4bf58dd8d48988d113941735', 'name': 'Korean Restaurant', 'pluralName': 'Korean Restaurants', 'shortName': 'Korean', 'icon': {'prefix': 'https://ss3.4sqi.net/img/categories_v2/food/korean_', 'suffix': '.png'}, 'primary': True}]",v-1603876184,False,
98,4ca609b0f47ea14346845c21,Ho Su Korean & Japanese Restaurant,"{'lat': 43.71000214374543, 'lng': -79.39385634325662, 'labeledLatLngs': [{'label': 'display', 'lat': 43.71000214374543, 'lng': -79.39385634325662}], 'cc': 'CA', 'country': 'Canada', 'formattedAddress': ['Canada']}","[{'id': '4bf58dd8d48988d142941735', 'name': 'Asian Restaurant', 'pluralName': 'Asian Restaurants', 'shortName': 'Asian', 'icon': {'prefix': 'https://ss3.4sqi.net/img/categories_v2/food/asian_', 'suffix': '.png'}, 'primary': True}]",v-1603876184,False,
99,5047e223e4b0ad1856fa4fd1,Korean Education Centre,"{'address': '333 DUNDAS ST E', 'lat': 43.577997, 'lng': -79.62008, 'labeledLatLngs': [{'label': 'display', 'lat': 43.577997, 'lng': -79.62008}], 'cc': 'CA', 'city': 'Mississauga', 'state': 'ON', 'country': 'Canada', 'formattedAddress': ['333 DUNDAS ST E', 'Mississauga ON', 'Canada']}","[{'id': '4bf58dd8d48988d130941735', 'name': 'Building', 'pluralName': 'Buildings', 'shortName': 'Building', 'icon': {'prefix': 'https://ss3.4sqi.net/img/categories_v2/building/default_', 'suffix': '.png'}, 'primary': True}]",v-1603876184,False,
108,58f4e19067af3a223134f856,Koryo Korean Barbeque,"{'address': '220 Yonge Street, F003, CF Toronto Eaton Centre', 'lat': 43.654438, 'lng': -79.380699, 'labeledLatLngs': [{'label': 'display', 'lat': 43.654438, 'lng': -79.380699}], 'postalCode': 'M5B 2H1', 'cc': 'CA', 'city': 'Toronto', 'state': 'ON', 'country': 'Canada', 'formattedAddress': ['220 Yonge Street, F003, CF Toronto Eaton Centre', 'Toronto ON M5B 2H1', 'Canada']}","[{'id': '4bf58dd8d48988d16e941735', 'name': 'Fast Food Restaurant', 'pluralName': 'Fast Food Restaurants', 'shortName': 'Fast Food', 'icon': {'prefix': 'https://ss3.4sqi.net/img/categories_v2/food/fastfood_', 'suffix': '.png'}, 'primary': True}]",v-1603876184,False,
116,5bca8bc3ccad6b002c8dd841,BiWon Korean Restaurant 秘園,"{'address': '473 Dundas St W', 'crossStreet': 'at Spadina Av', 'lat': 43.65305, 'lng': -79.397008, 'labeledLatLngs': [{'label': 'display', 'lat': 43.65305, 'lng': -79.397008}], 'postalCode': 'M5T 1H1', 'cc': 'CA', 'city': 'Toronto', 'state': 'ON', 'country': 'Canada', 'formattedAddress': ['473 Dundas St W (at Spadina Av)', 'Toronto ON M5T 1H1', 'Canada']}","[{'id': '4bf58dd8d48988d113941735', 'name': 'Korean Restaurant', 'pluralName': 'Korean Restaurants', 'shortName': 'Korean', 'icon': {'prefix': 'https://ss3.4sqi.net/img/categories_v2/food/korean_', 'suffix': '.png'}, 'primary': True}]",v-1603876184,False,
117,59a04c33e679bc4d9c63064b,The Bowl Korean Food,"{'address': '53 McCaul St', 'lat': 43.653371, 'lng': -79.390997, 'labeledLatLngs': [{'label': 'display', 'lat': 43.653371, 'lng': -79.390997}], 'postalCode': 'M5T 2W7', 'cc': 'CA', 'city': 'Toronto', 'state': 'ON', 'country': 'Canada', 'formattedAddress': ['53 McCaul St', 'Toronto ON M5T 2W7', 'Canada']}","[{'id': '4bf58dd8d48988d113941735', 'name': 'Korean Restaurant', 'pluralName': 'Korean Restaurants', 'shortName': 'Korean', 'icon': {'prefix': 'https://ss3.4sqi.net/img/categories_v2/food/korean_', 'suffix': '.png'}, 'primary': True}]",v-1603876184,False,
118,52f3d10c498e1496bd122f65,WOW Korean,"{'address': '109 McCaul Street', 'crossStreet': 'Dundas Street West', 'lat': 43.65373022049511, 'lng': -79.39086553834427, 'labeledLatLngs': [{'label': 'display', 'lat': 43.65373022049511, 'lng': -79.39086553834427}], 'cc': 'CA', 'city': 'Toronto', 'state': 'ON', 'country': 'Canada', 'formattedAddress': ['109 McCaul Street (Dundas Street West)', 'Toronto ON', 'Canada']}","[{'id': '4bf58dd8d48988d142941735', 'name': 'Asian Restaurant', 'pluralName': 'Asian Restaurants', 'shortName': 'Asian', 'icon': {'prefix': 'https://ss3.4sqi.net/img/categories_v2/food/asian_', 'suffix': '.png'}, 'primary': True}]",v-1603876184,False,
119,4e079e1de4cdefcff6dd83d8,新天地Korean Restaurant,"{'lat': 43.65340296156481, 'lng': -79.3969789922185, 'labeledLatLngs': [{'label': 'display', 'lat': 43.65340296156481, 'lng': -79.3969789922185}], 'cc': 'CA', 'city': 'Toronto', 'state': 'ON', 'country': 'Canada', 'formattedAddress': ['Toronto ON', 'Canada']}","[{'id': '4bf58dd8d48988d142941735', 'name': 'Asian Restaurant', 'pluralName': 'Asian Restaurants', 'shortName': 'Asian', 'icon': {'prefix': 'https://ss3.4sqi.net/img/categories_v2/food/asian_', 'suffix': '.png'}, 'primary': True}]",v-1603876184,False,
122,57797932498e65da29093dc7,Kooyi Korean grill,"{'address': '213 Augusta Ave', 'lat': 43.654108, 'lng': -79.401717, 'labeledLatLngs': [{'label': 'display', 'lat': 43.654108, 'lng': -79.401717}], 'postalCode': 'M5T 2L4', 'cc': 'CA', 'city': 'Toronto', 'state': 'ON', 'country': 'Canada', 'formattedAddress': ['213 Augusta Ave', 'Toronto ON M5T 2L4', 'Canada']}","[{'id': '4bf58dd8d48988d113941735', 'name': 'Korean Restaurant', 'pluralName': 'Korean Restaurants', 'shortName': 'Korean', 'icon': {'prefix': 'https://ss3.4sqi.net/img/categories_v2/food/korean_', 'suffix': '.png'}, 'primary': True}]",v-1603876184,False,
124,4be4a2be2457a593c787aa15,Light Korean Presbyterian Church,"{'address': '455 Huron St.', 'crossStreet': 'Huron and Bloor', 'lat': 43.66769867, 'lng': -79.401356, 'labeledLatLngs': [{'label': 'display', 'lat': 43.66769867, 'lng': -79.401356}], 'cc': 'CA', 'city': 'Toronto', 'state': 'ON', 'country': 'Canada', 'formattedAddress': ['455 Huron St. (Huron and Bloor)', 'Toronto ON', 'Canada']}","[{'id': '4bf58dd8d48988d132941735', 'name': 'Church', 'pluralName': 'Churches', 'shortName': 'Church', 'icon': {'prefix': 'https://ss3.4sqi.net/img/categories_v2/building/religious_church_', 'suffix': '.png'}, 'primary': True}]",v-1603876184,False,
125,54371b7c498e7f408106b674,Paradise Korean Restaurant,"{'address': '473 Dundas St W', 'crossStreet': 'Huron', 'lat': 43.65320427193235, 'lng': -79.39658866686617, 'labeledLatLngs': [{'label': 'display', 'lat': 43.65320427193235, 'lng': -79.39658866686617}], 'postalCode': 'M5T 1G8', 'cc': 'CA', 'city': 'Toronto', 'state': 'ON', 'country': 'Canada', 'formattedAddress': ['473 Dundas St W (Huron)', 'Toronto ON M5T 1G8', 'Canada']}","[{'id': '4bf58dd8d48988d113941735', 'name': 'Korean Restaurant', 'pluralName': 'Korean Restaurants', 'shortName': 'Korean', 'icon': {'prefix': 'https://ss3.4sqi.net/img/categories_v2/food/korean_', 'suffix': '.png'}, 'primary': True}]",v-1603876184,False,
132,4ba7f507f964a520c0c139e3,Soonderella Korean Fast Food,"{'address': '686 Bloor Streeet West', 'lat': 43.647774745161314, 'lng': -79.41139238782287, 'labeledLatLngs': [{'label': 'display', 'lat': 43.647774745161314, 'lng': -79.41139238782287}], 'cc': 'CA', 'city': 'Toronto', 'state': 'ON', 'country': 'Canada', 'formattedAddress': ['686 Bloor Streeet West', 'Toronto ON', 'Canada']}","[{'id': '4bf58dd8d48988d113941735', 'name': 'Korean Restaurant', 'pluralName': 'Korean Restaurants', 'shortName': 'Korean', 'icon': {'prefix': 'https://ss3.4sqi.net/img/categories_v2/food/korean_', 'suffix': '.png'}, 'primary': True}]",v-1603876184,False,
135,4fbe8a39e4b038a9933e433d,OurHouse Korean Restaurant,"{'address': '599 Bloor St. W.', 'crossStreet': 'Markham St.', 'lat': 43.664837, 'lng': -79.412744, 'labeledLatLngs': [{'label': 'display', 'lat': 43.664837, 'lng': -79.412744}], 'cc': 'CA', 'city': 'Toronto', 'state': 'ON', 'country': 'Canada', 'formattedAddress': ['599 Bloor St. W. (Markham St.)', 'Toronto ON', 'Canada']}","[{'id': '4bf58dd8d48988d113941735', 'name': 'Korean Restaurant', 'pluralName': 'Korean Restaurants', 'shortName': 'Korean', 'icon': {'prefix': 'https://ss3.4sqi.net/img/categories_v2/food/korean_', 'suffix': '.png'}, 'primary': True}]",v-1603876184,False,
136,5e6d5f13abb87c0007631519,Varsity Japanese And Korean,"{'address': '914 Bloor St W', 'lat': 43.661964, 'lng': -79.426525, 'labeledLatLngs': [{'label': 'display', 'lat': 43.661964, 'lng': -79.426525}], 'postalCode': 'M6H 1L1', 'cc': 'CA', 'city': 'Toronto', 'state': 'ON', 'country': 'Canada', 'formattedAddress': ['914 Bloor St W', 'Toronto ON M6H 1L1', 'Canada']}","[{'id': '4bf58dd8d48988d113941735', 'name': 'Korean Restaurant', 'pluralName': 'Korean Restaurants', 'shortName': 'Korean', 'icon': {'prefix': 'https://ss3.4sqi.net/img/categories_v2/food/korean_', 'suffix': '.png'}, 'primary': True}]",v-1603876184,False,
137,4bf342a16a31d13a1c83942e,Myoung Dong Soon To Fu Korean Restaurant (Sushi Cafe),"{'address': '620 Bloor St. W', 'lat': 43.664562, 'lng': -79.413909, 'labeledLatLngs': [{'label': 'display', 'lat': 43.664562, 'lng': -79.413909}], 'cc': 'CA', 'city': 'Toronto', 'state': 'ON', 'country': 'Canada', 'formattedAddress': ['620 Bloor St. W', 'Toronto ON', 'Canada']}","[{'id': '4bf58dd8d48988d113941735', 'name': 'Korean Restaurant', 'pluralName': 'Korean Restaurants', 'shortName': 'Korean', 'icon': {'prefix': 'https://ss3.4sqi.net/img/categories_v2/food/korean_', 'suffix': '.png'}, 'primary': True}]",v-1603876184,False,
138,51736737498e182066b4ec3f,Mi Hwa Korean Restaurant,"{'lat': 43.66453053974964, 'lng': -79.41401426255796, 'labeledLatLngs': [{'label': 'display', 'lat': 43.66453053974964, 'lng': -79.41401426255796}], 'cc': 'CA', 'country': 'Canada', 'formattedAddress': ['Canada']}","[{'id': '4bf58dd8d48988d113941735', 'name': 'Korean Restaurant', 'pluralName': 'Korean Restaurants', 'shortName': 'Korean', 'icon': {'prefix': 'https://ss3.4sqi.net/img/categories_v2/food/korean_', 'suffix': '.png'}, 'primary': True}]",v-1603876184,False,
139,4ba26278f964a52093f337e3,E-Mart Korean Supermarket,"{'address': '698 Bloor St W', 'lat': 43.66387468, 'lng': -79.41752, 'labeledLatLngs': [{'label': 'display', 'lat': 43.66387468, 'lng': -79.41752}], 'cc': 'CA', 'city': 'Toronto', 'state': 'ON', 'country': 'Canada', 'formattedAddress': ['698 Bloor St W', 'Toronto ON', 'Canada']}","[{'id': '4bf58dd8d48988d113941735', 'name': 'Korean Restaurant', 'pluralName': 'Korean Restaurants', 'shortName': 'Korean', 'icon': {'prefix': 'https://ss3.4sqi.net/img/categories_v2/food/korean_', 'suffix': '.png'}, 'primary': True}]",v-1603876184,False,
140,4cbf3b77021ca143bd8f5a0c,Buk Chon Korean Restaurant,"{'lat': 43.663908, 'lng': -79.416844, 'labeledLatLngs': [{'label': 'display', 'lat': 43.663908, 'lng': -79.416844}], 'cc': 'CA', 'country': 'Canada', 'formattedAddress': ['Canada']}","[{'id': '4bf58dd8d48988d113941735', 'name': 'Korean Restaurant', 'pluralName': 'Korean Restaurants', 'shortName': 'Korean', 'icon': {'prefix': 'https://ss3.4sqi.net/img/categories_v2/food/korean_', 'suffix': '.png'}, 'primary': True}]",v-1603876184,False,
142,4b4a5ab4f964a520fc8426e3,LA Soft Tofu and Real Korean BBQ,"{'address': '606 Bloor St. W', 'crossStreet': 'at Palmerston Blvd.', 'lat': 43.66467441691295, 'lng': -79.41327223009597, 'labeledLatLngs': [{'label': 'display', 'lat': 43.66467441691295, 'lng': -79.41327223009597}], 'postalCode': 'M6G 1K4', 'cc': 'CA', 'city': 'Toronto', 'state': 'ON', 'country': 'Canada', 'formattedAddress': ['606 Bloor St. W (at Palmerston Blvd.)', 'Toronto ON M6G 1K4', 'Canada']}","[{'id': '4bf58dd8d48988d113941735', 'name': 'Korean Restaurant', 'pluralName': 'Korean Restaurants', 'shortName': 'Korean', 'icon': {'prefix': 'https://ss3.4sqi.net/img/categories_v2/food/korean_', 'suffix': '.png'}, 'primary': True}]",v-1603876184,False,
143,5e128cf54a5055000842f74b,Burning Fridays - Korean Fried Chicken,"{'address': '710 Bloor St W', 'lat': 43.663805, 'lng': -79.417779, 'labeledLatLngs': [{'label': 'display', 'lat': 43.663805, 'lng': -79.417779}], 'postalCode': 'M6G 1L4', 'cc': 'CA', 'city': 'Toronto', 'state': 'ON', 'country': 'Canada', 'formattedAddress': ['710 Bloor St W', 'Toronto ON M6G 1L4', 'Canada']}","[{'id': '4d4ae6fc7a7b7dea34424761', 'name': 'Fried Chicken Joint', 'pluralName': 'Fried Chicken Joints', 'shortName': 'Fried Chicken', 'icon': {'prefix': 'https://ss3.4sqi.net/img/categories_v2/food/friedchicken_', 'suffix': '.png'}, 'primary': True}]",v-1603876184,False,
144,4b57a043f964a520b53928e3,Meung Dong Soondubu Korean Reataurant,"{'address': '620 Bloor St. W.', 'lat': 43.664538, 'lng': -79.413875, 'labeledLatLngs': [{'label': 'display', 'lat': 43.664538, 'lng': -79.413875}], 'cc': 'CA', 'city': 'Toronto', 'state': 'ON', 'country': 'Canada', 'formattedAddress': ['620 Bloor St. W.', 'Toronto ON', 'Canada']}","[{'id': '4bf58dd8d48988d113941735', 'name': 'Korean Restaurant', 'pluralName': 'Korean Restaurants', 'shortName': 'Korean', 'icon': {'prefix': 'https://ss3.4sqi.net/img/categories_v2/food/korean_', 'suffix': '.png'}, 'primary': True}]",v-1603876184,False,
145,4e0f89fd14956c62850543a4,MIHWA Korean Restaurant,"{'address': '623 Bloor St. W', 'lat': 43.664541, 'lng': -79.413979, 'labeledLatLngs': [{'label': 'display', 'lat': 43.664541, 'lng': -79.413979}], 'postalCode': 'M6G 1K8', 'cc': 'CA', 'city': 'Toronto', 'state': 'ON', 'country': 'Canada', 'formattedAddress': ['623 Bloor St. W', 'Toronto ON M6G 1K8', 'Canada']}","[{'id': '4bf58dd8d48988d113941735', 'name': 'Korean Restaurant', 'pluralName': 'Korean Restaurants', 'shortName': 'Korean', 'icon': {'prefix': 'https://ss3.4sqi.net/img/categories_v2/food/korean_', 'suffix': '.png'}, 'primary': True}]",v-1603876184,False,
147,4f6a6d6ce4b0454e84670b37,Yummy Korean Restaurant,"{'address': '620 Bloor Street West', 'crossStreet': 'btwn.  Elucid Ave. & Palmerston Ave.', 'lat': 43.664430691694356, 'lng': -79.41393731132068, 'labeledLatLngs': [{'label': 'display', 'lat': 43.664430691694356, 'lng': -79.41393731132068}], 'postalCode': 'M6G 1K9', 'cc': 'CA', 'city': 'Toronto', 'state': 'ON', 'country': 'Canada', 'formattedAddress': ['620 Bloor Street West (btwn.  Elucid Ave. & Palmerston Ave.)', 'Toronto ON M6G 1K9', 'Canada']}","[{'id': '4bf58dd8d48988d113941735', 'name': 'Korean Restaurant', 'pluralName': 'Korean Restaurants', 'shortName': 'Korean', 'icon': {'prefix': 'https://ss3.4sqi.net/img/categories_v2/food/korean_', 'suffix': '.png'}, 'primary': True}]",v-1603876184,False,
184,5223bf9811d29e4e03d6da7d,Joanne 's Korean bbq,"{'lat': 43.7604545, 'lng': -79.4207854, 'labeledLatLngs': [{'label': 'display', 'lat': 43.7604545, 'lng': -79.4207854}], 'cc': 'CA', 'country': 'Canada', 'formattedAddress': ['Canada']}",[],v-1603876185,False,
189,4dcadd56e4cde609a38c6d59,Canadian Korean Times,"{'lat': 43.767517, 'lng': -79.47133, 'labeledLatLngs': [{'label': 'display', 'lat': 43.767517, 'lng': -79.47133}], 'cc': 'CA', 'city': 'Toronto', 'state': 'ON', 'country': 'Canada', 'formattedAddress': ['Toronto ON', 'Canada']}","[{'id': '4f04ad622fb6e1c99f3db0b9', 'name': 'Newsstand', 'pluralName': 'Newsstands', 'shortName': 'Newsstand', 'icon': {'prefix': 'https://ss3.4sqi.net/img/categories_v2/shops/newsstand_', 'suffix': '.png'}, 'primary': True}]",v-1603876185,False,
194,4e872aa58b81eba448aa710a,Toronto Korean SDA Church,"{'address': '4150 Chesswood Dr.', 'lat': 43.75895800596758, 'lng': -79.47854512989629, 'labeledLatLngs': [{'label': 'display', 'lat': 43.75895800596758, 'lng': -79.47854512989629}], 'postalCode': 'M3J 2B8', 'cc': 'CA', 'city': 'Toronto', 'state': 'ON', 'country': 'Canada', 'formattedAddress': ['4150 Chesswood Dr.', 'Toronto ON M3J 2B8', 'Canada']}","[{'id': '4bf58dd8d48988d132941735', 'name': 'Church', 'pluralName': 'Churches', 'shortName': 'Church', 'icon': {'prefix': 'https://ss3.4sqi.net/img/categories_v2/building/religious_church_', 'suffix': '.png'}, 'primary': True}]",v-1603876185,False,
198,50df8c56498edccae4ed5575,Salt & pepper Korean Restaurant,"{'lat': 43.77843091585075, 'lng': -79.41536194643518, 'labeledLatLngs': [{'label': 'display', 'lat': 43.77843091585075, 'lng': -79.41536194643518}], 'cc': 'CA', 'country': 'Canada', 'formattedAddress': ['Canada']}","[{'id': '4bf58dd8d48988d113941735', 'name': 'Korean Restaurant', 'pluralName': 'Korean Restaurants', 'shortName': 'Korean', 'icon': {'prefix': 'https://ss3.4sqi.net/img/categories_v2/food/korean_', 'suffix': '.png'}, 'primary': True}]",v-1603876185,False,
246,4ce99638f865370456eeb7c4,Toronto Bethel Korean Church,"{'address': '1155 College St', 'lat': 43.651950134746265, 'lng': -79.43477775706293, 'labeledLatLngs': [{'label': 'display', 'lat': 43.651950134746265, 'lng': -79.43477775706293}], 'postalCode': 'M6H 1B7', 'cc': 'CA', 'city': 'Toronto', 'state': 'ON', 'country': 'Canada', 'formattedAddress': ['1155 College St', 'Toronto ON M6H 1B7', 'Canada']}","[{'id': '4bf58dd8d48988d132941735', 'name': 'Church', 'pluralName': 'Churches', 'shortName': 'Church', 'icon': {'prefix': 'https://ss3.4sqi.net/img/categories_v2/building/religious_church_', 'suffix': '.png'}, 'primary': True}]",v-1603876185,False,
264,5dced3207b23fc0008874a80,Korean KE74 YYZ-ICN,"{'lat': 43.68223, 'lng': -79.61965, 'labeledLatLngs': [{'label': 'display', 'lat': 43.68223, 'lng': -79.61965}], 'postalCode': 'L4W 1S9', 'cc': 'CA', 'neighborhood': 'Toronto Pearson International Airport', 'city': 'Mississauga', 'state': 'ON', 'country': 'Canada', 'formattedAddress': ['Mississauga ON L4W 1S9', 'Canada']}","[{'id': '4bf58dd8d48988d1f7931735', 'name': 'Plane', 'pluralName': 'Planes', 'shortName': 'Plane', 'icon': {'prefix': 'https://ss3.4sqi.net/img/categories_v2/travel/airport_', 'suffix': '.png'}, 'primary': True}]",v-1603876185,False,
268,529257d211d27f6171f10a08,Korean cuisine bubble tea,"{'lat': 43.59833317297789, 'lng': -79.60338783317013, 'labeledLatLngs': [{'label': 'display', 'lat': 43.59833317297789, 'lng': -79.60338783317013}], 'cc': 'CA', 'city': 'Mississauga', 'state': 'ON', 'country': 'Canada', 'formattedAddress': ['Mississauga ON', 'Canada']}","[{'id': '52e81612bcbc57f1066b7a0c', 'name': 'Bubble Tea Shop', 'pluralName': 'Bubble Tea Shops', 'shortName': 'Bubble Tea', 'icon': {'prefix': 'https://ss3.4sqi.net/img/categories_v2/food/bubble_', 'suffix': '.png'}, 'primary': True}]",v-1603876185,False,
272,5d7042fb43c8bd0007e6b067,Don Chon Korean BBQ & Wings,"{'address': '834 The Queensway', 'lat': 43.625173, 'lng': -79.508766, 'labeledLatLngs': [{'label': 'display', 'lat': 43.625173, 'lng': -79.508766}], 'postalCode': 'M8Z 1N5', 'cc': 'CA', 'city': 'Toronto', 'state': 'ON', 'country': 'Canada', 'formattedAddress': ['834 The Queensway', 'Toronto ON M8Z 1N5', 'Canada']}","[{'id': '4bf58dd8d48988d113941735', 'name': 'Korean Restaurant', 'pluralName': 'Korean Restaurants', 'shortName': 'Korean', 'icon': {'prefix': 'https://ss3.4sqi.net/img/categories_v2/food/korean_', 'suffix': '.png'}, 'primary': True}]",v-1603876185,False,
280,4bb906b098c7ef3bbab43102,Miga Korean & Japanese B.B.Q. Restaurant,"{'address': '2382 Dundas St W', 'crossStreet': 'btwn Liruma Rd. & Woodchester Dr.', 'lat': 43.52963572594408, 'lng': -79.67365331472774, 'labeledLatLngs': [{'label': 'display', 'lat': 43.52963572594408, 'lng': -79.67365331472774}], 'postalCode': 'L5K 1R7', 'cc': 'CA', 'city': 'Mississauga', 'state': 'ON', 'country': 'Canada', 'formattedAddress': ['2382 Dundas St W (btwn Liruma Rd. & Woodchester Dr.)', 'Mississauga ON L5K 1R7', 'Canada']}","[{'id': '4bf58dd8d48988d113941735', 'name': 'Korean Restaurant', 'pluralName': 'Korean Restaurants', 'shortName': 'Korean', 'icon': {'prefix': 'https://ss3.4sqi.net/img/categories_v2/food/korean_', 'suffix': '.png'}, 'primary': True}]",v-1603876185,False,
281,4e787a3cfa769112d5551ba3,ASA Korean Restaurant,"{'lat': 43.60395, 'lng': -79.5377, 'labeledLatLngs': [{'label': 'display', 'lat': 43.60395, 'lng': -79.5377}], 'cc': 'CA', 'country': 'Canada', 'formattedAddress': ['Canada']}","[{'id': '4bf58dd8d48988d113941735', 'name': 'Korean Restaurant', 'pluralName': 'Korean Restaurants', 'shortName': 'Korean', 'icon': {'prefix': 'https://ss3.4sqi.net/img/categories_v2/food/korean_', 'suffix': '.png'}, 'primary': True}]",v-1603876185,False,
282,5aefa48cdec1d6002c6bd0ab,Kobi Korean Restaurant,"{'address': '257 Dundas Street East', 'crossStreet': 'Given', 'lat': 43.585625, 'lng': -79.61056, 'labeledLatLngs': [{'label': 'display', 'lat': 43.585625, 'lng': -79.61056}], 'postalCode': 'L5A 1W8', 'cc': 'CA', 'city': 'Mississauga', 'state': 'ON', 'country': 'Canada', 'formattedAddress': ['257 Dundas Street East (Given)', 'Mississauga ON L5A 1W8', 'Canada']}","[{'id': '4bf58dd8d48988d113941735', 'name': 'Korean Restaurant', 'pluralName': 'Korean Restaurants', 'shortName': 'Korean', 'icon': {'prefix': 'https://ss3.4sqi.net/img/categories_v2/food/korean_', 'suffix': '.png'}, 'primary': True}]",v-1603876185,False,
288,5943319049281440e2aa1b4a,Sikgaek Korean Restaurant,"{'address': '800 Dundas Street East, #A1', 'crossStreet': 'Haines road', 'lat': 43.60003, 'lng': -79.59311, 'labeledLatLngs': [{'label': 'display', 'lat': 43.60003, 'lng': -79.59311}], 'postalCode': 'L4Y 2B6', 'cc': 'CA', 'city': 'Mississauga', 'state': 'ON', 'country': 'Canada', 'formattedAddress': ['800 Dundas Street East, #A1 (Haines road)', 'Mississauga ON L4Y 2B6', 'Canada']}","[{'id': '4bf58dd8d48988d113941735', 'name': 'Korean Restaurant', 'pluralName': 'Korean Restaurants', 'shortName': 'Korean', 'icon': {'prefix': 'https://ss3.4sqi.net/img/categories_v2/food/korean_', 'suffix': '.png'}, 'primary': True}]",v-1603876185,False,
318,4ca8c90fb7106dcb641b76a5,Inchen House Korean Restaurant,"{'lat': 43.79223135553377, 'lng': -79.26004461141603, 'labeledLatLngs': [{'label': 'display', 'lat': 43.79223135553377, 'lng': -79.26004461141603}], 'cc': 'CA', 'country': 'Canada', 'formattedAddress': ['Canada']}","[{'id': '4bf58dd8d48988d113941735', 'name': 'Korean Restaurant', 'pluralName': 'Korean Restaurants', 'shortName': 'Korean', 'icon': {'prefix': 'https://ss3.4sqi.net/img/categories_v2/food/korean_', 'suffix': '.png'}, 'primary': True}]",v-1603876185,False,
325,5a3c5a13646e381ec6faecc8,Mr. ChiMaek Korean Fried Chicken,"{'address': '7665 Kennedy Rd.', 'lat': 43.841425, 'lng': -79.303577, 'labeledLatLngs': [{'label': 'display', 'lat': 43.841425, 'lng': -79.303577}], 'postalCode': 'L3R 0L7', 'cc': 'CA', 'city': 'Markham', 'state': 'ON', 'country': 'Canada', 'formattedAddress': ['7665 Kennedy Rd.', 'Markham ON L3R 0L7', 'Canada']}","[{'id': '4d4ae6fc7a7b7dea34424761', 'name': 'Fried Chicken Joint', 'pluralName': 'Fried Chicken Joints', 'shortName': 'Fried Chicken', 'icon': {'prefix': 'https://ss3.4sqi.net/img/categories_v2/food/friedchicken_', 'suffix': '.png'}, 'primary': True}]",v-1603876185,False,
328,4cfc375c7f2db1f715c731d4,Truly Korean,"{'lat': 43.822238950753544, 'lng': -79.29882918080976, 'labeledLatLngs': [{'label': 'display', 'lat': 43.822238950753544, 'lng': -79.29882918080976}], 'cc': 'CA', 'country': 'Canada', 'formattedAddress': ['Canada']}","[{'id': '4bf58dd8d48988d113941735', 'name': 'Korean Restaurant', 'pluralName': 'Korean Restaurants', 'shortName': 'Korean', 'icon': {'prefix': 'https://ss3.4sqi.net/img/categories_v2/food/korean_', 'suffix': '.png'}, 'primary': True}]",v-1603876185,False,
332,56da1ed6498e54cafa0a8341,100% Korean,"{'address': '4779 Steeles Avenue E', 'lat': 43.8297734378329, 'lng': -79.29941253293568, 'labeledLatLngs': [{'label': 'display', 'lat': 43.8297734378329, 'lng': -79.29941253293568}], 'cc': 'CA', 'city': 'Toronto', 'state': 'ON', 'country': 'Canada', 'formattedAddress': ['4779 Steeles Avenue E', 'Toronto ON', 'Canada']}","[{'id': '4bf58dd8d48988d113941735', 'name': 'Korean Restaurant', 'pluralName': 'Korean Restaurants', 'shortName': 'Korean', 'icon': {'prefix': 'https://ss3.4sqi.net/img/categories_v2/food/korean_', 'suffix': '.png'}, 'primary': True}]",v-1603876185,False,
333,51100ca7e4b04cfd423051da,Korean Soap Marathon,"{'lat': 43.87473, 'lng': -79.37015787200612, 'labeledLatLngs': [{'label': 'display', 'lat': 43.87473, 'lng': -79.37015787200612}], 'cc': 'CA', 'country': 'Canada', 'formattedAddress': ['Canada']}","[{'id': '4bf58dd8d48988d1f1931735', 'name': 'General Entertainment', 'pluralName': 'General Entertainment', 'shortName': 'Entertainment', 'icon': {'prefix': 'https://ss3.4sqi.net/img/categories_v2/arts_entertainment/default_', 'suffix': '.png'}, 'primary': True}]",v-1603876185,False,
337,4b847f7ef964a520dc3831e3,Tofu Village Korean BBQ,"{'address': '8362 Kennedy Rd, Unit A06', 'crossStreet': 'in Peachtree Centre', 'lat': 43.860602, 'lng': -79.303706, 'labeledLatLngs': [{'label': 'display', 'lat': 43.860602, 'lng': -79.303706}], 'postalCode': 'L3R 0W4', 'cc': 'CA', 'city': 'Markham', 'state': 'ON', 'country': 'Canada', 'formattedAddress': ['8362 Kennedy Rd, Unit A06 (in Peachtree Centre)', 'Markham ON L3R 0W4', 'Canada']}","[{'id': '4bf58dd8d48988d113941735', 'name': 'Korean Restaurant', 'pluralName': 'Korean Restaurants', 'shortName': 'Korean', 'icon': {'prefix': 'https://ss3.4sqi.net/img/categories_v2/food/korean_', 'suffix': '.png'}, 'primary': True}]",v-1603876185,False,
341,5613ef4f498e8ff870337688,88 Korean BBQ,"{'address': '3636 Steeles Ave East', 'lat': 43.819072, 'lng': -79.33075, 'labeledLatLngs': [{'label': 'display', 'lat': 43.819072, 'lng': -79.33075}], 'cc': 'CA', 'city': 'Markham', 'state': 'ON', 'country': 'Canada', 'formattedAddress': ['3636 Steeles Ave East', 'Markham ON', 'Canada']}","[{'id': '4bf58dd8d48988d113941735', 'name': 'Korean Restaurant', 'pluralName': 'Korean Restaurants', 'shortName': 'Korean', 'icon': {'prefix': 'https://ss3.4sqi.net/img/categories_v2/food/korean_', 'suffix': '.png'}, 'primary': True}]",v-1603876185,False,
344,5af395ee018cbb0034ee889c,Sura Korean Cuisine,"{'address': '4580 Highway 7 E, Unit 2', 'crossStreet': 'Kennedy Road', 'lat': 43.86246, 'lng': -79.306465, 'labeledLatLngs': [{'label': 'display', 'lat': 43.86246, 'lng': -79.306465}], 'postalCode': 'L3R 1M5', 'cc': 'CA', 'city': 'Unionville', 'state': 'ON', 'country': 'Canada', 'formattedAddress': ['4580 Highway 7 E, Unit 2 (Kennedy Road)', 'Unionville ON L3R 1M5', 'Canada']}","[{'id': '4bf58dd8d48988d113941735', 'name': 'Korean Restaurant', 'pluralName': 'Korean Restaurants', 'shortName': 'Korean', 'icon': {'prefix': 'https://ss3.4sqi.net/img/categories_v2/food/korean_', 'suffix': '.png'}, 'primary': True}]",v-1603876185,False,
348,5a3d4d53e2d4aa3d7df20eb9,好好 호호 Ho Ho Korean Food,"{'lat': 43.84965, 'lng': -79.347694, 'labeledLatLngs': [{'label': 'display', 'lat': 43.84965, 'lng': -79.347694}], 'postalCode': 'L3R 3P9', 'cc': 'CA', 'city': 'Markham', 'state': 'ON', 'country': 'Canada', 'formattedAddress': ['Markham ON L3R 3P9', 'Canada']}","[{'id': '4bf58dd8d48988d113941735', 'name': 'Korean Restaurant', 'pluralName': 'Korean Restaurants', 'shortName': 'Korean', 'icon': {'prefix': 'https://ss3.4sqi.net/img/categories_v2/food/korean_', 'suffix': '.png'}, 'primary': True}]",v-1603876185,False,
398,4da4bb8ebf22a143f4b8e4f8,PAT Korean Market,"{'address': 'Spring Garden Ave.', 'lat': 43.76472878108522, 'lng': -79.41008966764828, 'labeledLatLngs': [{'label': 'display', 'lat': 43.76472878108522, 'lng': -79.41008966764828}], 'cc': 'CA', 'city': 'Toronto', 'state': 'ON', 'country': 'Canada', 'formattedAddress': ['Spring Garden Ave.', 'Toronto ON', 'Canada']}","[{'id': '50be8ee891d4fa8dcc7199a7', 'name': 'Market', 'pluralName': 'Markets', 'shortName': 'Market', 'icon': {'prefix': 'https://ss3.4sqi.net/img/categories_v2/shops/market_', 'suffix': '.png'}, 'primary': True}]",v-1603876186,False,
584,4faffe02e4b0fc5eab76dd8f,Woori Korean Meat Shops,"{'address': '#1A-157', 'crossStreet': 'Dundas St. E', 'lat': 43.584338, 'lng': -79.612552, 'labeledLatLngs': [{'label': 'display', 'lat': 43.584338, 'lng': -79.612552}], 'postalCode': 'L5A 1W8', 'cc': 'CA', 'city': 'Mississauga', 'state': 'ON', 'country': 'Canada', 'formattedAddress': ['#1A-157 (Dundas St. E)', 'Mississauga ON L5A 1W8', 'Canada']}","[{'id': '4bf58dd8d48988d11d951735', 'name': 'Butcher', 'pluralName': 'Butchers', 'shortName': 'Butcher', 'icon': {'prefix': 'https://ss3.4sqi.net/img/categories_v2/shops/food_butcher_', 'suffix': '.png'}, 'primary': True}]",v-1603876187,False,
585,4bdafd21c79cc9282f8880e9,Semi Korean & Japanese,"{'address': '2580 Shepard Ave', 'lat': 43.581078, 'lng': -79.614995, 'labeledLatLngs': [{'label': 'display', 'lat': 43.581078, 'lng': -79.614995}], 'cc': 'CA', 'city': 'Mississauga', 'state': 'ON', 'country': 'Canada', 'formattedAddress': ['2580 Shepard Ave', 'Mississauga ON', 'Canada']}","[{'id': '4bf58dd8d48988d113941735', 'name': 'Korean Restaurant', 'pluralName': 'Korean Restaurants', 'shortName': 'Korean', 'icon': {'prefix': 'https://ss3.4sqi.net/img/categories_v2/food/korean_', 'suffix': '.png'}, 'primary': True}]",v-1603876187,False,
587,54628014498ec51131187c90,Korean War Memorial,"{'lat': 43.641476, 'lng': -79.748605, 'labeledLatLngs': [{'label': 'display', 'lat': 43.641476, 'lng': -79.748605}], 'cc': 'CA', 'country': 'Canada', 'formattedAddress': ['Canada']}","[{'id': '4bf58dd8d48988d15c941735', 'name': 'Cemetery', 'pluralName': 'Cemeteries', 'shortName': 'Cemetery', 'icon': {'prefix': 'https://ss3.4sqi.net/img/categories_v2/parks_outdoors/cemetery_', 'suffix': '.png'}, 'primary': True}]",v-1603876187,False,
588,4df93b3c45dd2b6764bb33ee,Semi Fast Food Korean Restaurant,"{'address': '2580 Shepard Ave', 'crossStreet': 'at Dundas St E', 'lat': 43.58028204676856, 'lng': -79.6147871017456, 'labeledLatLngs': [{'label': 'display', 'lat': 43.58028204676856, 'lng': -79.6147871017456}], 'postalCode': 'L5A 4K3', 'cc': 'CA', 'city': 'Mississauga', 'state': 'ON', 'country': 'Canada', 'formattedAddress': ['2580 Shepard Ave (at Dundas St E)', 'Mississauga ON L5A 4K3', 'Canada']}","[{'id': '4bf58dd8d48988d113941735', 'name': 'Korean Restaurant', 'pluralName': 'Korean Restaurants', 'shortName': 'Korean', 'icon': {'prefix': 'https://ss3.4sqi.net/img/categories_v2/food/korean_', 'suffix': '.png'}, 'primary': True}]",v-1603876187,False,
589,4e7f810b77c833932f216b0c,Korean grill House,"{'lat': 43.74363152610514, 'lng': -79.69582533401935, 'labeledLatLngs': [{'label': 'display', 'lat': 43.74363152610514, 'lng': -79.69582533401935}], 'cc': 'CA', 'city': 'Brampton', 'state': 'ON', 'country': 'Canada', 'formattedAddress': ['Brampton ON', 'Canada']}","[{'id': '4bf58dd8d48988d113941735', 'name': 'Korean Restaurant', 'pluralName': 'Korean Restaurants', 'shortName': 'Korean', 'icon': {'prefix': 'https://ss3.4sqi.net/img/categories_v2/food/korean_', 'suffix': '.png'}, 'primary': True}]",v-1603876187,False,
887,4ca89d99d971b1f7b71816e1,Westside Korean Community Church,"{'address': '3637 Grand Park Drive', 'lat': 43.579167929115805, 'lng': -79.64514749203316, 'labeledLatLngs': [{'label': 'display', 'lat': 43.579167929115805, 'lng': -79.64514749203316}], 'cc': 'CA', 'city': 'Mississauga', 'state': 'ON', 'country': 'Canada', 'formattedAddress': ['3637 Grand Park Drive', 'Mississauga ON', 'Canada']}","[{'id': '4bf58dd8d48988d132941735', 'name': 'Church', 'pluralName': 'Churches', 'shortName': 'Church', 'icon': {'prefix': 'https://ss3.4sqi.net/img/categories_v2/building/religious_church_', 'suffix': '.png'}, 'primary': True}]",v-1603876188,False,
1179,50535800e4b0c6b6851ee5fc,Kimchi Korea House,"{'address': '149 Dundas St. W', 'crossStreet': 'btwn Chestnut & Elizabeth', 'lat': 43.655392068371754, 'lng': -79.38541213481933, 'labeledLatLngs': [{'label': 'display', 'lat': 43.655392068371754, 'lng': -79.38541213481933}], 'postalCode': 'M5G 1C6', 'cc': 'CA', 'city': 'Toronto', 'state': 'ON', 'country': 'Canada', 'formattedAddress': ['149 Dundas St. W (btwn Chestnut & Elizabeth)', 'Toronto ON M5G 1C6', 'Canada']}","[{'id': '4bf58dd8d48988d113941735', 'name': 'Korean Restaurant', 'pluralName': 'Korean Restaurants', 'shortName': 'Korean', 'icon': {'prefix': 'https://ss3.4sqi.net/img/categories_v2/food/korean_', 'suffix': '.png'}, 'primary': True}]",v-1603876191,False,
1230,4b7a009bf964a5208d1e2fe3,Koreatown,"{'lat': 43.66420698348349, 'lng': -79.41580610893764, 'labeledLatLngs': [{'label': 'display', 'lat': 43.66420698348349, 'lng': -79.41580610893764}], 'cc': 'CA', 'city': 'Toronto', 'state': 'ON', 'country': 'Canada', 'formattedAddress': ['Toronto ON', 'Canada']}","[{'id': '4f2a25ac4b909258e854f55f', 'name': 'Neighborhood', 'pluralName': 'Neighborhoods', 'shortName': 'Neighborhood', 'icon': {'prefix': 'https://ss3.4sqi.net/img/categories_v2/parks_outdoors/neighborhood_', 'suffix': '.png'}, 'primary': True}]",v-1603876191,False,
1249,4b454f0ff964a520590a26e3,P.A.T. Central Market 한국식품,"{'address': '675 Bloor St W', 'crossStreet': 'at Manning Ave', 'lat': 43.66395515985428, 'lng': -79.41633962211277, 'labeledLatLngs': [{'label': 'display', 'lat': 43.66395515985428, 'lng': -79.41633962211277}], 'postalCode': 'M6G 1L3', 'cc': 'CA', 'city': 'Toronto', 'state': 'ON', 'country': 'Canada', 'formattedAddress': ['675 Bloor St W (at Manning Ave)', 'Toronto ON M6G 1L3', 'Canada']}","[{'id': '4bf58dd8d48988d118951735', 'name': 'Grocery Store', 'pluralName': 'Grocery Stores', 'shortName': 'Grocery Store', 'icon': {'prefix': 'https://ss3.4sqi.net/img/categories_v2/shops/food_grocery_', 'suffix': '.png'}, 'primary': True}]",v-1603876191,False,
1326,4e6165a3aeb736031478613a,Yum Kwang Korean Presbyterian Church,"{'lat': 43.825800683665086, 'lng': -79.3549915343233, 'labeledLatLngs': [{'label': 'display', 'lat': 43.825800683665086, 'lng': -79.3549915343233}], 'cc': 'CA', 'city': 'Markham', 'state': 'ON', 'country': 'Canada', 'formattedAddress': ['Markham ON', 'Canada']}","[{'id': '4bf58dd8d48988d132941735', 'name': 'Church', 'pluralName': 'Churches', 'shortName': 'Church', 'icon': {'prefix': 'https://ss3.4sqi.net/img/categories_v2/building/religious_church_', 'suffix': '.png'}, 'primary': True}]",v-1603876191,False,
1334,4b930a48f964a520c53034e3,Hanil House Korean BBQ,"{'address': '100 Steeles Ave W Unit 2B', 'lat': 43.7978595693349, 'lng': -79.41006218390227, 'labeledLatLngs': [{'label': 'display', 'lat': 43.7978595693349, 'lng': -79.41006218390227}], 'cc': 'CA', 'city': 'York Regional Municipality', 'state': 'ON', 'country': 'Canada', 'formattedAddress': ['100 Steeles Ave W Unit 2B', 'York Regional Municipality ON', 'Canada']}","[{'id': '4bf58dd8d48988d113941735', 'name': 'Korean Restaurant', 'pluralName': 'Korean Restaurants', 'shortName': 'Korean', 'icon': {'prefix': 'https://ss3.4sqi.net/img/categories_v2/food/korean_', 'suffix': '.png'}, 'primary': True}]",v-1603876191,False,
1340,5ad0021c0ff4f9270db31bbd,Kisa Korean BBQ,"{'address': '6347 Yonge St', 'lat': 43.796411, 'lng': -79.419548, 'labeledLatLngs': [{'label': 'display', 'lat': 43.796411, 'lng': -79.419548}], 'postalCode': 'M2M 3X7', 'cc': 'CA', 'city': 'Toronto', 'state': 'ON', 'country': 'Canada', 'formattedAddress': ['6347 Yonge St', 'Toronto ON M2M 3X7', 'Canada']}","[{'id': '4bf58dd8d48988d113941735', 'name': 'Korean Restaurant', 'pluralName': 'Korean Restaurants', 'shortName': 'Korean', 'icon': {'prefix': 'https://ss3.4sqi.net/img/categories_v2/food/korean_', 'suffix': '.png'}, 'primary': True}]",v-1603876191,False,
1343,5daa77ec35f0f900080334b6,Norito Korean Izakaya,"{'lat': 43.79322, 'lng': -79.419042, 'labeledLatLngs': [{'label': 'display', 'lat': 43.79322, 'lng': -79.419042}], 'postalCode': 'M2M 3X1', 'cc': 'CA', 'city': 'Toronto', 'state': 'ON', 'country': 'Canada', 'formattedAddress': ['Toronto ON M2M 3X1', 'Canada']}","[{'id': '4bf58dd8d48988d113941735', 'name': 'Korean Restaurant', 'pluralName': 'Korean Restaurants', 'shortName': 'Korean', 'icon': {'prefix': 'https://ss3.4sqi.net/img/categories_v2/food/korean_', 'suffix': '.png'}, 'primary': True}]",v-1603876191,False,
1344,5e51f4300f683f0008cb0fdf,Gui Gui Korean Bbq,"{'address': '5935 Yonge St', 'lat': 43.787356, 'lng': -79.417096, 'labeledLatLngs': [{'label': 'display', 'lat': 43.787356, 'lng': -79.417096}], 'postalCode': 'M2M 3V7', 'cc': 'CA', 'city': 'Toronto', 'state': 'ON', 'country': 'Canada', 'formattedAddress': ['5935 Yonge St', 'Toronto ON M2M 3V7', 'Canada']}","[{'id': '4bf58dd8d48988d1df931735', 'name': 'BBQ Joint', 'pluralName': 'BBQ Joints', 'shortName': 'BBQ', 'icon': {'prefix': 'https://ss3.4sqi.net/img/categories_v2/food/bbqalt_', 'suffix': '.png'}, 'primary': True}]",v-1603876191,False,
1347,4bd391a29854d13a4f2dfe4d,Traditional Korean Restaurant,"{'address': '6016 Yonge St', 'lat': 43.78673508980167, 'lng': -79.41705378509765, 'labeledLatLngs': [{'label': 'display', 'lat': 43.78673508980167, 'lng': -79.41705378509765}], 'cc': 'CA', 'city': 'Toronto', 'state': 'ON', 'country': 'Canada', 'formattedAddress': ['6016 Yonge St', 'Toronto ON', 'Canada']}","[{'id': '4bf58dd8d48988d113941735', 'name': 'Korean Restaurant', 'pluralName': 'Korean Restaurants', 'shortName': 'Korean', 'icon': {'prefix': 'https://ss3.4sqi.net/img/categories_v2/food/korean_', 'suffix': '.png'}, 'primary': True}]",v-1603876191,False,
1348,56636f9c498e723c4afb7243,Ahzimae Zipbap Korean Cuisine,"{'address': '6068 Yonge St.', 'lat': 43.790521, 'lng': -79.418378, 'labeledLatLngs': [{'label': 'display', 'lat': 43.790521, 'lng': -79.418378}], 'postalCode': 'M2M 3W6', 'cc': 'CA', 'city': 'North York', 'state': 'ON', 'country': 'Canada', 'formattedAddress': ['6068 Yonge St.', 'North York ON M2M 3W6', 'Canada']}","[{'id': '4bf58dd8d48988d113941735', 'name': 'Korean Restaurant', 'pluralName': 'Korean Restaurants', 'shortName': 'Korean', 'icon': {'prefix': 'https://ss3.4sqi.net/img/categories_v2/food/korean_', 'suffix': '.png'}, 'primary': True}]",v-1603876191,False,
1349,5ccb405af5e9d7002b35e54a,Young Again Skincare & Cosmetics Store (Korean Products),"{'address': '550 Highway 7', 'lat': 43.844679, 'lng': -79.383383, 'labeledLatLngs': [{'label': 'display', 'lat': 43.844679, 'lng': -79.383383}], 'postalCode': 'L4B', 'cc': 'CA', 'city': 'Richmond Hill', 'state': 'ON', 'country': 'Canada', 'formattedAddress': ['550 Highway 7', 'Richmond Hill ON L4B', 'Canada']}","[{'id': '56aa371be4b08b9a8d573517', 'name': 'Business Center', 'pluralName': 'Business Centers', 'shortName': 'Business Center', 'icon': {'prefix': 'https://ss3.4sqi.net/img/categories_v2/building/default_', 'suffix': '.png'}, 'primary': True}]",v-1603876191,False,
1382,5a498c48cf72a02cf11273a9,Moon Light Korean Restaurant,"{'lat': 43.79186, 'lng': -79.44466, 'labeledLatLngs': [{'label': 'display', 'lat': 43.79186, 'lng': -79.44466}], 'postalCode': 'M2R 2A5', 'cc': 'CA', 'city': 'Toronto', 'state': 'ON', 'country': 'Canada', 'formattedAddress': ['Toronto ON M2R 2A5', 'Canada']}","[{'id': '4bf58dd8d48988d113941735', 'name': 'Korean Restaurant', 'pluralName': 'Korean Restaurants', 'shortName': 'Korean', 'icon': {'prefix': 'https://ss3.4sqi.net/img/categories_v2/food/korean_', 'suffix': '.png'}, 'primary': True}]",v-1603876192,False,
1394,52542e09498ef40ddf73c1b6,Narooe Korean Cuisine,"{'address': '5649 Yonge St', 'lat': 43.78147946398517, 'lng': -79.4159655046295, 'labeledLatLngs': [{'label': 'display', 'lat': 43.78147946398517, 'lng': -79.4159655046295}], 'postalCode': 'M2M 3T2', 'cc': 'CA', 'city': 'Toronto', 'state': 'ON', 'country': 'Canada', 'formattedAddress': ['5649 Yonge St', 'Toronto ON M2M 3T2', 'Canada']}","[{'id': '4bf58dd8d48988d113941735', 'name': 'Korean Restaurant', 'pluralName': 'Korean Restaurants', 'shortName': 'Korean', 'icon': {'prefix': 'https://ss3.4sqi.net/img/categories_v2/food/korean_', 'suffix': '.png'}, 'primary': True}]",v-1603876192,False,{'id': '68792839'}
1397,4b5c8d0cf964a520103629e3,Bar Gun Pang Korean Bakery,"{'address': '6118 Yonge Street', 'crossStreet': 'Yonge and Steeles', 'lat': 43.792342, 'lng': -79.41886, 'labeledLatLngs': [{'label': 'display', 'lat': 43.792342, 'lng': -79.41886}], 'postalCode': '\u200e M2M 3W7', 'cc': 'CA', 'city': 'North York', 'state': 'ON', 'country': 'Canada', 'formattedAddress': ['6118 Yonge Street (Yonge and Steeles)', 'North York ON \u200e M2M 3W7', 'Canada']}","[{'id': '4bf58dd8d48988d16a941735', 'name': 'Bakery', 'pluralName': 'Bakeries', 'shortName': 'Bakery', 'icon': {'prefix': 'https://ss3.4sqi.net/img/categories_v2/food/bakery_', 'suffix': '.png'}, 'primary': True}]",v-1603876192,False,
1398,53eb83cc498e4b18803a32a9,Seoul House Korean Japanese Restaurant,"{'address': '180 Steeles Ave W', 'lat': 43.797243295990626, 'lng': -79.42628145217894, 'labeledLatLngs': [{'label': 'display', 'lat': 43.797243295990626, 'lng': -79.42628145217894}], 'postalCode': 'L4J 2L1', 'cc': 'CA', 'city': 'Thornhill', 'state': 'ON', 'country': 'Canada', 'formattedAddress': ['180 Steeles Ave W', 'Thornhill ON L4J 2L1', 'Canada']}","[{'id': '4bf58dd8d48988d113941735', 'name': 'Korean Restaurant', 'pluralName': 'Korean Restaurants', 'shortName': 'Korean', 'icon': {'prefix': 'https://ss3.4sqi.net/img/categories_v2/food/korean_', 'suffix': '.png'}, 'primary': True}]",v-1603876192,False,
1670,577d97f4498ed759a6e3cbe9,Han Oak Korean/Japanese Restaurant,"{'address': '1450 Clark Ave W', 'lat': 43.798507, 'lng': -79.470362, 'labeledLatLngs': [{'label': 'display', 'lat': 43.798507, 'lng': -79.470362}], 'postalCode': 'L4J 7R5', 'cc': 'CA', 'city': 'Vaughan', 'state': 'ON', 'country': 'Canada', 'formattedAddress': ['1450 Clark Ave W', 'Vaughan ON L4J 7R5', 'Canada']}","[{'id': '4bf58dd8d48988d113941735', 'name': 'Korean Restaurant', 'pluralName': 'Korean Restaurants', 'shortName': 'Korean', 'icon': {'prefix': 'https://ss3.4sqi.net/img/categories_v2/food/korean_', 'suffix': '.png'}, 'primary': True}]",v-1603876193,False,
1693,57842d78cd1097a7fc9782d4,Jin Mee Korean Restaurant,"{'lat': 43.799058, 'lng': -79.420856, 'labeledLatLngs': [{'label': 'display', 'lat': 43.799058, 'lng': -79.420856}], 'cc': 'CA', 'country': 'Canada', 'formattedAddress': ['Canada']}","[{'id': '4bf58dd8d48988d1c4941735', 'name': 'Restaurant', 'pluralName': 'Restaurants', 'shortName': 'Restaurant', 'icon': {'prefix': 'https://ss3.4sqi.net/img/categories_v2/food/default_', 'suffix': '.png'}, 'primary': True}]",v-1603876193,False,
1696,56ac0b67498eb9680a047541,North Town Korean Restaurant,"{'address': '7368 Yonge St', 'crossStreet': 'at Clark Ave W', 'lat': 43.807313525046766, 'lng': -79.42289650440216, 'labeledLatLngs': [{'label': 'display', 'lat': 43.807313525046766, 'lng': -79.42289650440216}], 'postalCode': 'L4J 8H9', 'cc': 'CA', 'city': 'Vaughan', 'state': 'ON', 'country': 'Canada', 'formattedAddress': ['7368 Yonge St (at Clark Ave W)', 'Vaughan ON L4J 8H9', 'Canada']}","[{'id': '4bf58dd8d48988d113941735', 'name': 'Korean Restaurant', 'pluralName': 'Korean Restaurants', 'shortName': 'Korean', 'icon': {'prefix': 'https://ss3.4sqi.net/img/categories_v2/food/korean_', 'suffix': '.png'}, 'primary': True}]",v-1603876193,False,
1943,4be4ab88910020a19614d214,Toronto a la Cart - Korean,"{'address': 'Yonge St.', 'crossStreet': 'at Finch Ave.', 'lat': 43.78056324457225, 'lng': -79.41580061252955, 'labeledLatLngs': [{'label': 'display', 'lat': 43.78056324457225, 'lng': -79.41580061252955}], 'cc': 'CA', 'neighborhood': 'Willowdale', 'city': 'Toronto', 'state': 'ON', 'country': 'Canada', 'formattedAddress': ['Yonge St. (at Finch Ave.)', 'Toronto ON', 'Canada']}","[{'id': '56aa371be4b08b9a8d57350b', 'name': 'Food Stand', 'pluralName': 'Food Stands', 'shortName': 'Food Stand', 'icon': {'prefix': 'https://ss3.4sqi.net/img/categories_v2/travel/movingtarget_', 'suffix': '.png'}, 'primary': True}]",v-1603876194,False,
2463,4d7c077279c4b1f7e7c8f3f2,Wow Korean Restaurant,"{'address': '7040 Yonge St, Unit S5', 'crossStreet': 'Inside Galleria', 'lat': 43.799000884601085, 'lng': -79.42091213057066, 'labeledLatLngs': [{'label': 'display', 'lat': 43.799000884601085, 'lng': -79.42091213057066}], 'postalCode': 'L4J 1V7', 'cc': 'CA', 'city': 'Vaughan', 'state': 'ON', 'country': 'Canada', 'formattedAddress': ['7040 Yonge St, Unit S5 (Inside Galleria)', 'Vaughan ON L4J 1V7', 'Canada']}","[{'id': '4bf58dd8d48988d113941735', 'name': 'Korean Restaurant', 'pluralName': 'Korean Restaurants', 'shortName': 'Korean', 'icon': {'prefix': 'https://ss3.4sqi.net/img/categories_v2/food/korean_', 'suffix': '.png'}, 'primary': True}]",v-1603876198,False,
3648,5be3334916ef67002ce1e4d8,Snow Time Korean Dessert-Markham 韩式雪冰,"{'address': '3000 Highway 7 East. Unit #A1', 'lat': 43.85069172018712, 'lng': -79.35768663883209, 'labeledLatLngs': [{'label': 'display', 'lat': 43.85069172018712, 'lng': -79.35768663883209}], 'postalCode': 'L3R 6E1', 'cc': 'CA', 'city': 'Markham', 'state': 'ON', 'country': 'Canada', 'formattedAddress': ['3000 Highway 7 East. Unit #A1', 'Markham ON L3R 6E1', 'Canada']}","[{'id': '4bf58dd8d48988d1d0941735', 'name': 'Dessert Shop', 'pluralName': 'Dessert Shops', 'shortName': 'Desserts', 'icon': {'prefix': 'https://ss3.4sqi.net/img/categories_v2/food/dessert_', 'suffix': '.png'}, 'primary': True}]",v-1603876207,False,
3797,4eb1d6cf2c5b5915cdb3fc69,Arirang Korean BBQ,"{'address': 'Central Pkwy, Mississauga, ON L4Z', 'lat': 43.69383008161512, 'lng': -79.74049958578216, 'labeledLatLngs': [{'label': 'display', 'lat': 43.69383008161512, 'lng': -79.74049958578216}], 'cc': 'CA', 'city': 'Mississauga', 'state': 'ON', 'country': 'Canada', 'formattedAddress': ['Central Pkwy, Mississauga, ON L4Z', 'Mississauga ON', 'Canada']}","[{'id': '4bf58dd8d48988d113941735', 'name': 'Korean Restaurant', 'pluralName': 'Korean Restaurants', 'shortName': 'Korean', 'icon': {'prefix': 'https://ss3.4sqi.net/img/categories_v2/food/korean_', 'suffix': '.png'}, 'primary': True}]",v-1603876208,False,
4283,4ec5dd47be7ba4fc6c8d2ba0,Hwarang,"{'lat': 43.667857, 'lng': -79.385743, 'labeledLatLngs': [{'label': 'display', 'lat': 43.667857, 'lng': -79.385743}], 'cc': 'CA', 'city': 'Toronto', 'state': 'ON', 'country': 'Canada', 'formattedAddress': ['Toronto ON', 'Canada']}","[{'id': '4bf58dd8d48988d113941735', 'name': 'Korean Restaurant', 'pluralName': 'Korean Restaurants', 'shortName': 'Korean', 'icon': {'prefix': 'https://ss3.4sqi.net/img/categories_v2/food/korean_', 'suffix': '.png'}, 'primary': True}]",v-1603876210,False,
